*Customer Account,Customer Site ID,Service Ticket: ID,Removal/Relocation/Swap Date,AM/PM,Ticket Type,Display Size,Notes
0014600000uSb9k,a0F46000002G6hS,a02460000075fZW,07/22/2018 01:00,AM,Swap,20,
0014600001GxUw9,a0F460000025uHD,a02460000075g3u,07/21/2018 12:35,PM,Swap,30,
0014600001C3PCj,a0F46000001Gq0l,a02460000075gOH,,,Delivery,40,
0014600001D6or6,a0F46000002G7Cq,a02460000075gQN,,,Swap,30,
0014600001GxV58,a0F46000002G7AG,a02460000075gai,,,Removal,30,
0014600000uVieC,a0F46000002F2tj,a02460000075h8V,,,Swap,20,
0014600001Gw6KY,a0F46000002FUVc,a02460000075gbH,,,Removal,20,
0014600001D4Zgw,a0F46000002FV58,a02460000075hH7,,,Removal,30,
00146000016tWIW,a0F46000002FV58,a02460000075hAW,,,Removal,20,
00146000016tWIW,a0F46000002G8EO,a02460000075i2X,,,Swap,30,
00146000016tWIW,a0F46000002FV58,a02460000075i52,,,Swap,30,
00146000016tWIW,a0F46000002FV58,a02460000075iUU,,,Removal,30,
0014600001D4vuB,a0F46000001LUFH,a02460000075iU0,,,Removal,40,
0014600001D7DyJ,a0F46000002FUW1,a02460000075i9s,,,Removal,20,
00146000016tWIW,a0F46000001L3yP,a02460000075idS,,,Swap,20,
0014600001Gw1ii,a0F46000002Ezn2,a02460000075j3I,,,Removal,40,
00146000016tWIW,a0F46000002Egah,a02460000075ibC,,,Removal,20,
0014600001GxjOz,a0F46000002FxMF,a02460000075icA,,,Removal,40,
0014600000yRlmQ,a0F46000001ycgI,a02460000075idN,,,Swap,30,
00146000016tWIW,a0F46000002G7Mv,a02460000075ibg,,,Removal,40,
0014600001GvOdq,a0F46000001GJGL,a02460000075irM,,,Removal,15,
00146000016qOGV,a0F46000002G9qo,a02460000075ilb,,,Removal,15,
0014600001D61ng,a0F46000002G9sG,a02460000075jhB,,,Delivery,40,
0014600001Gw5zZ,a0F46000002G9rh,a02460000075in3,,,Removal,15,
0014600001D4zZK,a0F46000002G7Nt,a02460000075jCa,,,Removal,30,
0014600001GvOdq,a0F46000002ASXZ,a02460000075jSB,,,Removal,15,
00146000018HH5e,a0F46000002FizT,a02460000075j4L,,,Removal,30,
0014600001015oh,a0F46000002GAQm,a02460000075j4z,,,Removal,15,
0014600001D4G5b,a0F46000002GAQm,a02460000075jhm,,,Removal,30,
0014600001D4G5b,a0F46000001L3yP,a02460000075jl6,,,Swap,40,
0014600001GvlKY,a0F46000002FpB9,a02460000075ja5,,,Removal,20,
0014600001D62bf,a0F46000002Fxby,a02460000075jdJ,,,Swap,20,
0014600001D5ODF,a0F46000002Fxby,a02460000075j2j,,,Removal,15,
0014600000k2IB9,a0F46000001GOuV,a02460000075mOJ,,,Swap,40,
0014600001Gw5zZ,a0F46000001GOuV,a02460000075jZC,,,Removal,40,
0014600001GxBFV,a0F46000002FGT6,a02460000075jZ7,,,Removal,40,
0014600001C4MUO,a0F46000002GASd,a02460000075mQ5,,,Delivery,20,
0014600000k2Hvf,a0F460000025afN,a02460000075mqi,,,Removal,20,
0014600000k2Hvf,a0F46000002F0U3,a02460000075mpa,,,Delivery,15,
00146000018HTYu,a0F46000002FUdA,a02460000075mq4,,,Swap,20,
0014600000uSb9k,a0F46000002EqpD,a02460000075mtW,,,Swap,30,
0014600001GvRrp,a0F46000002FGT6,a02460000075mtg,,,Removal,30,
0014600001D5vYw,a0F46000002EpOd,a02460000075msJ,,,Delivery,30,
0014600001D5uP5,a0F46000002GAPF,a02460000075my4,,,Delivery,40,
0014600001GvgCl,a0F46000002FxLR,a02460000075mzy,,,Removal,30,
0014600000k2Ho7,a0F46000002FekC,a02460000075n03,,,Delivery,40,
0014600001Gxmb3,a0F46000002FZse,a02460000075g4m,,,Removal,15,
0014600000k4IE4,a0F46000002FUh3,a02460000075nBR,,,Swap,30,
0014600001C3Qjd,a0F46000002FekC,a02460000075nE6,,,Delivery,15,
0014600000uVtMi,a0F46000002EYXC,a02460000075nDw,,,Swap,20,
001460000175cgA,a0F46000002G7g2,a02460000075nHZ,,,Swap,20,
0014600001GwoYP,a0F46000002G9ti,a02460000075nHU,,,Swap,20,
0014600000q7CwY,a0F46000001LX4o,a02460000075jlG,,,Delivery,30,
0014600001D47a4,a0F46000002GAOq,a02460000075mli,,,Swap,40,
0014600000uVrFk,a0F46000002FxKO,a02460000075moS,,,Removal,15,
0014600000uVrFk,a0F46000002G8eq,a02460000075muZ,,,Delivery,15,
0014600000k2NKW,a0F46000002FxKO,a02460000075nBW,,,Swap,30,
0014600001GwKPh,a0F46000001xxSM,a02460000075nAx,,,Removal,15,
0014600001D6Asw,a0F46000002G7Vx,a02460000075nBC,,,Removal,40,
0014600000k3ndQ,a0F46000002G7Vx,a02460000075nq0,,,Swap,20,
0014600001GwQWS,a0F46000002EwuV,a02460000075nsG,,,Delivery,30,
00146000018G3C3,a0F46000001LlLK,a02460000075nrw,,,Removal,30,
0014600001Gw1yC,a0F46000002FUdA,a02460000075nrh,,,Removal,40,
0014600001GxjtN,a0F46000002G2US,a02460000075ns6,,,Swap,40,
00146000018HT71,a0F46000002G8fP,a02460000075nCy,,,Removal,20,
0014600001Gw13S,a0F46000002Epzb,a02460000075nEa,,,Removal,20,
0014600001Gwa1V,a0F46000002FHaf,a02460000075nEG,,,Swap,40,
0014600001GxUeG,a0F46000002G7Cq,a02460000075nCF,,,Delivery,40,
0014600001GxoDf,a0F46000002FM5P,a02460000075nxm,,,Delivery,30,
0014600000k2MMC,a0F46000002ATQw,a02460000075nxc,,,Removal,30,
0014600000yRlmQ,a0F46000002FyMy,a02460000075nwe,,,Swap,30,
00146000018HSXb,a0F46000002FUW1,a02460000075nvB,,,Delivery,20,
0014600001D4vuB,a0F46000002FZyn,a02460000075nw9,,,Swap,30,
0014600000yRlmQ,a0F46000002F2sb,a02460000075nu2,,,Removal,30,
0014600000mBAqd,a0F46000002F024,a02460000075nxN,,,Swap,30,
0014600001D6Asw,a0F46000002F0Le,a02460000075nwE,,,Swap,30,
0014600000uSb9k,a0F46000002FxK9,a02460000075nHA,,,Removal,30,
0014600000uSb9k,a0F46000002AWgA,a02460000075nHB,,,Removal,30,
0014600000uSb9k,a0F46000002G7bv,a02460000075nHF,,,Removal,40,
0014600000uSb9k,a0F46000002FyKn,a02460000075n3D,,,Removal,15,
0014600000uSb9k,a0F46000002G7bH,a02460000075n3N,,,Delivery,20,
0014600001C5xyM,a0F46000002FakP,a02460000075ikk,,,Removal,30,
0014600001D6xDU,a0F46000002FF7D,a02460000075np7,,,Removal,40,
0014600001GvysY,a0F46000002F2sb,a02460000075npM,,,Delivery,40,
0014600001GvPKE,a0F46000002FF7D,a02460000075npg,,,Swap,30,
0014600001D4e6e,a0F46000002Fo5s,a02460000075nHj,,,Delivery,20,
0014600001GwzM5,a0F46000002G86K,a02460000075npl,,,Delivery,40,
0014600001GvZVq,a0F46000002G41i,a02460000075nIP,,,Swap,30,
0014600001GxEJZ,a0F46000002G41O,a02460000075nzY,,,Swap,30,
0014600001Gwnfi,a0F46000002G8CD,a02460000075mqT,,,Delivery,15,
001460000175jGO,a0F46000002FyQx,a02460000075mzC,,,Delivery,30,
0014600001GxrhS,a0F46000002FxKO,a02460000075hZJ,,,Removal,15,
0014600000uSb9k,a0F46000002G43l,a02460000075jFy,,,Delivery,30,
0014600001GwMAk,a0F46000002G41i,a02460000075nyB,,,Delivery,30,
0014600001Gx3VI,a0F46000002EuHA,a02460000075npq,,,Delivery,40,
0014600000uSNIF,a0F46000002F7tQ,a02460000075jPT,,,Delivery,40,
001460000176Td6,a0F46000002G0HV,a02460000075noQ,,,Delivery,30,
0014600001D6Asw,a0F46000002FGUL,a02460000075jla,,,Removal,30,
0014600000uSb9k,a0F46000002Ewth,a02460000075jlL,,,Delivery,30,
0014600000uSb9k,a0F46000002Eo9v,a02460000075jTO,,,Removal,30,
0014600000uVrFk,a0F46000002FLNS,a02460000075jjG,,,Removal,15,
0014600000uSb9k,a0F46000002G3fQ,a02460000075nBH,,,Delivery,40,
0014600001GxUw9,a0F46000002FxI1,a02460000075msO,,,Removal,30,
0014600001C3PCj,a0F46000002Fo5s,a02460000075n08,,,Removal,40,
0014600001D6or6,a0F46000002G8jM,a02460000075npb,,,Removal,40,
0014600001GxV58,a0F46000002G8jM,a02460000075jlV,,,Removal,30,
0014600000uVieC,a0F46000002G8lI,a02460000075jlQ,,,Delivery,30,
0014600001Gw6KY,a0F46000002FxKO,a02460000075n0m,,,Removal,40,
0014600001D4Zgw,a0F46000002Fb3g,a02460000075mue,,,Removal,15,
00146000016tWIW,a0F46000002FzxE,a02460000075nEB,,,Removal,15,
00146000016tWIW,a0F46000002G1Ig,a02460000075nBM,,,Removal,40,
00146000016tWIW,a0F4600000243ot,a02460000075lHC,,,Removal,30,
